{"entities": {
		"9110": { 
			"districts": [
				{
					"id": "1150",
					"value": 34563
				},
				{
					"id": "1190",
					"value": 409812
				},
				{
					"id": "1280",
					"value": 53999
				},
				{
					"id": "1530",
					"value": 438124
				},
				{
					"id": "1070",
					"value": 2457274
				},
				{
					"id": "1060",
					"value": 20971
				}
			],
			"stats": [
				{
					"id": "Stat1",
					"value": 3354563
				},
				{
					"id": "Stat2",
					"value": 3423
				},
				{
					"id": "Stat3",
					"value": 3999
				},
				{
					"id": "Stat4",
					"value": 2098
				},
				{
					"id": "Stat5",
					"value": 983
				},
				{
					"id": "Stat6",
					"value": 235
				}
			]
		},
		"9120": {
			"districts": 
			[
				{
					"id": "4160",
					"value": 34563
				},
				{
					"id": "4200",
					"value": 409812
				},
				{
					"id": "4180",
					"value": 53999
				},
				{
					"id": "4130",
					"value": 438124
				},
				{
					"id": "4600",
					"value": 2457274
				},
				{
					"id": "4080",
					"value": 20971
				},
				{
					"id": "3180",
					"value": 438124
				},
				{
					"id": "4220",
					"value": 2457274
				},
				{
					"id": "3150",
					"value": 20971
				}
			],
			"stats": [
				{
					"id": "Stat1",
					"value": 3354563
				},
				{
					"id": "Stat2",
					"value": 3423
				},
				{
					"id": "Stat3",
					"value": 3999
				},
				{
					"id": "Stat4",
					"value": 2098
				},
				{
					"id": "Stat5",
					"value": 983
				},
				{
					"id": "Stat6",
					"value": 235
				}
			]
		},
		"9130": {
		"districts": [
			{
				"id": "3810",
				"value": 34563
			},
			{
				"id": "5050",
				"value": 409812
			},
			{
				"id": "5560",
				"value": 53999
			},
			{
				"id": "5070",
				"value": 438124
			},
			{
				"id": "5100",
				"value": 2457274
			},
			{
				"id": "5650",
				"value": 20971
			},
			{
				"id": "5010",
				"value": 53999
			},
			{
				"id": "5360",
				"value": 438124
			},
			{
				"id": "5230",
				"value": 2457274
			},
			{
				"id": "5140",
				"value": 20971
			}
		],
		"stats": [
				{
					"id": "Stat1",
					"value": 3354563
				},
				{
					"id": "Stat2",
					"value": 3423
				},
				{
					"id": "Stat3",
					"value": 3999
				},
				{
					"id": "Stat4",
					"value": 2098
				},
				{
					"id": "Stat5",
					"value": 983
				},
				{
					"id": "Stat6",
					"value": 235
				}
			]
		},
		"9170": {
		"districts":[
			{
				"id": "1420",
				"value": 34563
			},
			{
				"id": "1500",
				"value": 409812
			},
			{
				"id": "1760",
				"value": 53999
			},
			{
				"id": "2580",
				"value": 438124
			},
			{
				"id": "2200",
				"value": 2457274
			},
			{
				"id": "2100",
				"value": 20971
			},
			{
				"id": "2160",
				"value": 20971
			},
			{
				"id": "2040",
				"value": 438124
			},
			{
				"id": "2510",
				"value": 2457274
			}
		],
		"stats": [
				{
					"id": "Stat1",
					"value": 3354563
				},
				{
					"id": "Stat2",
					"value": 3423
				},
				{
					"id": "Stat3",
					"value": 3999
				},
				{
					"id": "Stat4",
					"value": 2098
				},
				{
					"id": "Stat5",
					"value": 983
				},
				{
					"id": "Stat6",
					"value": 235
				}
			]
		},
		"9180":{
		"districts": [
			{
				"id": "3240",
				"value": 34563
			},
			{
				"id": "2640",
				"value": 409812
			},
			{
				"id": "3320",
				"value": 53999
			},
			{
				"id": "3050",
				"value": 438124
			},
			{
				"id": "3250",
				"value": 2457274
			},
			{
				"id": "3130",
				"value": 20971
			},
			{
				"id": "3660",
				"value": 438124
			},
			{
				"id": "3170",
				"value": 2457274
			},
			{
				"id": "5470",
				"value": 20971
			}
		],
		"stats": [
				{
					"id": "Stat1",
					"value": 3354563
				},
				{
					"id": "Stat2",
					"value": 3423
				},
				{
					"id": "Stat3",
					"value": 3999
				},
				{
					"id": "Stat4",
					"value": 2098
				},
				{
					"id": "Stat5",
					"value": 983
				},
				{
					"id": "Stat6",
					"value": 235
				}
			]
			}
	}}